<?xml version="1.0" encoding="UTF-8"?>
<ubl:Invoice xmlns:ubl="urn:oasis:names:specification:ubl:schema:xsd:Invoice-2"
             xmlns:cac="urn:oasis:names:specification:ubl:schema:xsd:CommonAggregateComponents-2"
             xmlns:cbc="urn:oasis:names:specification:ubl:schema:xsd:CommonBasicComponents-2">
    <cbc:CustomizationID>urn:cen.eu:en16931:2017#compliant#urn:xeinkauf.de:kosit:xrechnung_3.0</cbc:CustomizationID>
    <cbc:ProfileID>urn:fdc:peppol.eu:2017:poacc:billing:01:1.0</cbc:ProfileID>
    <cbc:ID>R123456789</cbc:ID>
    <cbc:IssueDate>2016-01-18</cbc:IssueDate>
    <cbc:DueDate>2016-02-01</cbc:DueDate>
    <cbc:InvoiceTypeCode>380</cbc:InvoiceTypeCode>
    <cbc:DocumentCurrencyCode>EUR</cbc:DocumentCurrencyCode>
    <cbc:BuyerReference>04011000-12349-88</cbc:BuyerReference>
    <cac:OrderReference>
        <cbc:ID>Dummywert</cbc:ID>
        <cbc:SalesOrderID>A123456789</cbc:SalesOrderID>
    </cac:OrderReference>
    <cac:ContractDocumentReference>
        <cbc:ID>V876543210</cbc:ID>
    </cac:ContractDocumentReference>
    <cac:AccountingSupplierParty>
        <cac:Party>
            <cbc:EndpointID schemeID="EM">seller@email.de</cbc:EndpointID>
            <cac:PartyName>
                <cbc:Name>[Seller trading name]</cbc:Name>
            </cac:PartyName>
            <cac:PostalAddress>
                <cbc:StreetName>Postfach 123456</cbc:StreetName>
                <cbc:CityName>[Seller city]</cbc:CityName>
                <cbc:PostalZone>12345</cbc:PostalZone>
                <cac:Country>
                    <cbc:IdentificationCode>DE</cbc:IdentificationCode>
                </cac:Country>
            </cac:PostalAddress>
            <cac:PartyTaxScheme>
                <cbc:CompanyID>DE123456789</cbc:CompanyID>
                <cac:TaxScheme>
                    <cbc:ID>VAT</cbc:ID>
                </cac:TaxScheme>
            </cac:PartyTaxScheme>
            <cac:PartyLegalEntity>
                <cbc:RegistrationName>[Seller name]</cbc:RegistrationName>
                <cbc:CompanyID>HRB 123</cbc:CompanyID>
                <cbc:CompanyLegalForm>Amtsgericht […], Geschäftsführer: […], Sitz der Gesellschaft […], Aufsichtsratvorsitzender: […]</cbc:CompanyLegalForm>
            </cac:PartyLegalEntity>
            <cac:Contact>
                <cbc:Name>Auskunft erteilt Ihnen</cbc:Name>
                <cbc:Telephone>1234567890</cbc:Telephone>
                <cbc:ElectronicMail>seller@test.de</cbc:ElectronicMail>
            </cac:Contact>
        </cac:Party>
    </cac:AccountingSupplierParty>
    <cac:AccountingCustomerParty>
        <cac:Party>
            <cbc:EndpointID schemeID="EM">buyer@info.de</cbc:EndpointID>
            <cac:PostalAddress>
                <cbc:StreetName>[Buyer address line 1]</cbc:StreetName>
                <cbc:CityName>[Buyer city]</cbc:CityName>
                <cbc:PostalZone>12345</cbc:PostalZone>
                <cac:Country>
                    <cbc:IdentificationCode>DE</cbc:IdentificationCode>
                </cac:Country>
            </cac:PostalAddress>
            <cac:PartyLegalEntity>
                <cbc:RegistrationName>[Buyer name]</cbc:RegistrationName>
            </cac:PartyLegalEntity>
        </cac:Party>
    </cac:AccountingCustomerParty>
    <cac:PaymentMeans>
        <cbc:PaymentMeansCode>58</cbc:PaymentMeansCode>
        <cac:PayeeFinancialAccount>
            <!-- dies ist eine nicht existerende aber valide IBAN als test dummy -->
            <cbc:ID>DE12500105170648489890</cbc:ID>
        </cac:PayeeFinancialAccount>
    </cac:PaymentMeans>
    <cac:PaymentMeans>
        <cbc:PaymentMeansCode>58</cbc:PaymentMeansCode>
        <cac:PayeeFinancialAccount>
            <!-- dies ist eine nicht existerende aber valide IBAN als test dummy -->
            <cbc:ID>DE89370400440532013000</cbc:ID>
        </cac:PayeeFinancialAccount>
    </cac:PaymentMeans>
    <cac:PaymentMeans>
        <cbc:PaymentMeansCode>58</cbc:PaymentMeansCode>
        <cac:PayeeFinancialAccount>
            <!-- dies ist eine nicht existerende aber valide IBAN als test dummy -->
            <cbc:ID>DE75512108001245126199</cbc:ID>
        </cac:PayeeFinancialAccount>
    </cac:PaymentMeans>
    <cac:PaymentTerms>
        <cbc:Note>Die Zahlung wird als Teilleistung monatl. Erbracht und ist monatl. zum letzten Werktag fällig. …</cbc:Note>
    </cac:PaymentTerms>
    <cac:TaxTotal>
        <cbc:TaxAmount currencyID="EUR">451.19</cbc:TaxAmount>
        <cac:TaxSubtotal>
            <cbc:TaxableAmount currencyID="EUR">2374.68</cbc:TaxableAmount>
            <cbc:TaxAmount currencyID="EUR">451.19</cbc:TaxAmount>
            <cac:TaxCategory>
                <cbc:ID>S</cbc:ID>
                <cbc:Percent>19</cbc:Percent>
                <cac:TaxScheme>
                    <cbc:ID>VAT</cbc:ID>
                </cac:TaxScheme>
            </cac:TaxCategory>
        </cac:TaxSubtotal>
    </cac:TaxTotal>
    <cac:LegalMonetaryTotal>
        <cbc:LineExtensionAmount currencyID="EUR">2374.68</cbc:LineExtensionAmount>
        <cbc:TaxExclusiveAmount currencyID="EUR">2374.68</cbc:TaxExclusiveAmount>
        <cbc:TaxInclusiveAmount currencyID="EUR">2825.87</cbc:TaxInclusiveAmount>
        <cbc:PayableAmount currencyID="EUR">2825.87</cbc:PayableAmount>
    </cac:LegalMonetaryTotal>
    <cac:InvoiceLine>
        <cbc:ID>0020</cbc:ID>
        <cbc:InvoicedQuantity unitCode="XPP">12</cbc:InvoicedQuantity>
        <cbc:LineExtensionAmount currencyID="EUR">2374.68</cbc:LineExtensionAmount>
        <cac:Item>
            <cbc:Name>Zentrale Administrationslösung Bereitstellung von Werkzeugen zur Administration/Betreuung</cbc:Name>
            <cac:SellersItemIdentification>
                <cbc:ID>519304</cbc:ID>
            </cac:SellersItemIdentification>
            <cac:ClassifiedTaxCategory>
                <cbc:ID>S</cbc:ID>
                <cbc:Percent>19</cbc:Percent>
                <cac:TaxScheme>
                    <cbc:ID>VAT</cbc:ID>
                </cac:TaxScheme>
            </cac:ClassifiedTaxCategory>
        </cac:Item>
        <cac:Price>
            <cbc:PriceAmount currencyID="EUR">197.89</cbc:PriceAmount>
        </cac:Price>
    </cac:InvoiceLine>
</ubl:Invoice>
