<?xml version="1.0" encoding="UTF-8"?>
<ubl:Invoice xmlns:ubl="urn:oasis:names:specification:ubl:schema:xsd:Invoice-2"
             xmlns:cac="urn:oasis:names:specification:ubl:schema:xsd:CommonAggregateComponents-2"
             xmlns:cbc="urn:oasis:names:specification:ubl:schema:xsd:CommonBasicComponents-2">
    <cbc:CustomizationID>urn:cen.eu:en16931:2017#compliant#urn:xeinkauf.de:kosit:xrechnung_3.0</cbc:CustomizationID>
    <cbc:ProfileID>urn:fdc:peppol.eu:2017:poacc:billing:01:1.0</cbc:ProfileID>
    <cbc:ID>123456</cbc:ID>
    <cbc:IssueDate>2016-06-21</cbc:IssueDate>
    <cbc:InvoiceTypeCode>380</cbc:InvoiceTypeCode>
    <cbc:Note>#ADU#Bei Fragen zu Ihrer Rechnung wenden Sie sich bitte an unseren Kundenserivce. Sie erreichen uns per Email: […], Tel.: […] oder Fax: […]</cbc:Note>
    <cbc:Note>#ADU#Die Lieferung erfolgt aufgrund der AGB […] erhältlich unter […]. Auf Wunsch senden wir sie auch zu.</cbc:Note>
    <cbc:Note>#ADU#Hinweis gemäß § 33 BDSG: Kundendaten werden gespeichert.</cbc:Note>
    <cbc:Note>#ADU#Beschädigt eingehende Sendungen bitte sofort beim Spediteur bzw. Paketdienstleister reklamieren. Genehmigte Rücksendungen schicken Sie bitte mit den Unterlagen an: […]</cbc:Note>
    <cbc:DocumentCurrencyCode>EUR</cbc:DocumentCurrencyCode>
    <cbc:BuyerReference>04011000-12346-97</cbc:BuyerReference>
    <cac:OrderReference>
        <cbc:ID>Dummywert</cbc:ID>
        <cbc:SalesOrderID>SO12345678</cbc:SalesOrderID>
    </cac:OrderReference>
    <cac:AccountingSupplierParty>
        <cac:Party>
            <cbc:EndpointID schemeID="EM">seller@email.de</cbc:EndpointID>
            <cac:PartyName>
                <cbc:Name>[Seller trading name]</cbc:Name>
            </cac:PartyName>
            <cac:PostalAddress>
                <cbc:StreetName>[Seller address line 1]</cbc:StreetName>
                <cbc:CityName>[Seller city]</cbc:CityName>
                <cbc:PostalZone>12345</cbc:PostalZone>
                <cac:Country>
                    <cbc:IdentificationCode>DE</cbc:IdentificationCode>
                </cac:Country>
            </cac:PostalAddress>
            <cac:PartyTaxScheme>
                <cbc:CompanyID>DE123456789</cbc:CompanyID>
                <cac:TaxScheme>
                    <cbc:ID>VAT</cbc:ID>
                </cac:TaxScheme>
            </cac:PartyTaxScheme>
            <cac:PartyLegalEntity>
                <cbc:RegistrationName>[Seller name]</cbc:RegistrationName>
                <cbc:CompanyID>[HRB-Eintrag]</cbc:CompanyID>
                <cbc:CompanyLegalForm>Geschäftsführer: […], Sitz der GmbH ist […], Amtsgericht […]</cbc:CompanyLegalForm>
            </cac:PartyLegalEntity>
            <cac:Contact>
                <cbc:Name>-</cbc:Name>
                <cbc:Telephone>[012-3456789]</cbc:Telephone>
                <cbc:ElectronicMail>Seller@email.de</cbc:ElectronicMail>
            </cac:Contact>
        </cac:Party>
    </cac:AccountingSupplierParty>
    <cac:AccountingCustomerParty>
        <cac:Party>
            <cbc:EndpointID schemeID="EM">buyer@info.de</cbc:EndpointID>
            <cac:PartyIdentification>
                <cbc:ID>BI12345678</cbc:ID>
            </cac:PartyIdentification>
            <cac:PostalAddress>
                <cbc:StreetName>[Buyer address line 1]</cbc:StreetName>
                <cbc:CityName>[Buyer city]</cbc:CityName>
                <cbc:PostalZone>12345</cbc:PostalZone>
                <cac:Country>
                    <cbc:IdentificationCode>DE</cbc:IdentificationCode>
                </cac:Country>
            </cac:PostalAddress>
            <cac:PartyLegalEntity>
                <cbc:RegistrationName>[Buyer name]</cbc:RegistrationName>
            </cac:PartyLegalEntity>
            <cac:Contact>
                <cbc:Name>[Buyer contact person]</cbc:Name>
            </cac:Contact>
        </cac:Party>
    </cac:AccountingCustomerParty>
    <cac:PayeeParty>
        <cac:PartyName>
            <cbc:Name>VSB - Verlagsservice Braunschweig GmbH</cbc:Name>
        </cac:PartyName>
    </cac:PayeeParty>
    <cac:Delivery>
        <cbc:ActualDeliveryDate>2016-06-21</cbc:ActualDeliveryDate>
    </cac:Delivery>
    <cac:PaymentMeans>
        <cbc:PaymentMeansCode>58</cbc:PaymentMeansCode>
        <cac:PayeeFinancialAccount>
            <!-- dies ist eine nicht existerende aber valide IBAN als test dummy -->
            <cbc:ID>DE75512108001245126199</cbc:ID>
        </cac:PayeeFinancialAccount>
    </cac:PaymentMeans>
    <cac:PaymentTerms>
        <cbc:Note>Bitte überweisen Sie den Betrag innerhalb von 14 Tagen auf unten stehendes Konto. Das Rechnungsdatum entspricht dem Versanddatum.</cbc:Note>
    </cac:PaymentTerms>
    <cac:TaxTotal>
        <cbc:TaxAmount currencyID="EUR">0.82</cbc:TaxAmount>
        <cac:TaxSubtotal>
            <cbc:TaxableAmount currencyID="EUR">11.78</cbc:TaxableAmount>
            <cbc:TaxAmount currencyID="EUR">0.82</cbc:TaxAmount>
            <cac:TaxCategory>
                <cbc:ID>S</cbc:ID>
                <cbc:Percent>7</cbc:Percent>
                <cac:TaxScheme>
                    <cbc:ID>VAT</cbc:ID>
                </cac:TaxScheme>
            </cac:TaxCategory>
        </cac:TaxSubtotal>
    </cac:TaxTotal>
    <cac:LegalMonetaryTotal>
        <cbc:LineExtensionAmount currencyID="EUR">11.78</cbc:LineExtensionAmount>
        <cbc:TaxExclusiveAmount currencyID="EUR">11.78</cbc:TaxExclusiveAmount>
        <cbc:TaxInclusiveAmount currencyID="EUR">12.6</cbc:TaxInclusiveAmount>
        <cbc:PayableAmount currencyID="EUR">12.6</cbc:PayableAmount>
    </cac:LegalMonetaryTotal>
    <cac:InvoiceLine>
        <cbc:ID>SZ300540</cbc:ID>
        <cbc:InvoicedQuantity unitCode="XPP">1</cbc:InvoicedQuantity>
        <cbc:LineExtensionAmount currencyID="EUR">11.78</cbc:LineExtensionAmount>
        <cac:Item>
            <cbc:Description>Einblicke v. Deutschlands wicht. Ökonomen</cbc:Description>
            <cbc:Name>Denk doch, wie du willst</cbc:Name>
            <cac:SellersItemIdentification>
                <cbc:ID>SZ300540</cbc:ID>
            </cac:SellersItemIdentification>
            <cac:ClassifiedTaxCategory>
                <cbc:ID>S</cbc:ID>
                <cbc:Percent>7</cbc:Percent>
                <cac:TaxScheme>
                    <cbc:ID>VAT</cbc:ID>
                </cac:TaxScheme>
            </cac:ClassifiedTaxCategory>
        </cac:Item>
        <cac:Price>
            <cbc:PriceAmount currencyID="EUR">11.78</cbc:PriceAmount>
        </cac:Price>
    </cac:InvoiceLine>
</ubl:Invoice>
